game_id,Season,Week,game_date,home_team_bet,away_team_bet,selected_team,profit,actual_win,model_prob,edge,closing_odds,implied_prob,books_used,selected_team_full,open_prob,mid_prob,close_prob,open_price,mid_price,close_price,mid_diff_seconds,match_rows,mid_diff_hours,mid_valid_24h,mid_valid_36h,mid_valid_48h,model_edge_vs_open,model_edge_vs_mid,model_edge_vs_close,true_moneyline,open_to_mid_prob_move,mid_to_close_prob_move,open_to_close_prob_move,edge_rank,hit,join_key,event_id,home_team,away_team,commence_time,book_key,book_title,market_key,outcome_name,open_snapshot_timestamp,open_point,mid_snapshot_timestamp,mid_point,close_snapshot_timestamp,close_point,price_move_open_to_mid,price_move_mid_to_close,price_move_open_to_close,point_move_open_to_mid,point_move_mid_to_close,point_move_open_to_close,season,week,cal_prob,result,picked_odds,move_size_bucket,move_path,close_edge_bucket,market_confirmation,late_drift_flag,positive_close_edge,roi_per_1,cal_prob_source,open_odds,mid_odds,close_odds,market_odds,market_prob,true_prob_raw,true_prob_cal,true_prob_shrunk_35,true_prob_shrunk_40,true_prob_shrunk_50,true_line_raw,true_line_cal,true_line_shrunk_35,true_line_shrunk_40,true_line_shrunk_50,edge_prob_market,edge_prob_open,edge_prob_mid,edge_prob_close,edge_prob_shrunk_35,edge_prob_shrunk_40,edge_prob_shrunk_50,market_decimal,ev_per_1_cal,ev_per_1_shrunk_35,ev_per_1_shrunk_40,ev_per_1_shrunk_50,value_tier,value_tier_shrunk_35,value_tier_shrunk_40,value_tier_shrunk_50,governor,odds_bucket,hybrid_score,late_season
2024_1_Broncos_Seahawks,2024,1,2024-09-08,Seahawks,Broncos,Seahawks,0.3584229390681003,1,0.8052995912582402,0.0691518340023035,-279.0,0.7361477572559367,10,Seattle Seahawks,0.708029197080292,0.7142857142857143,0.7361477572559367,-242.5,-250.0,-279.0,14962.0,10,4.156111111111112,True,True,True,0.0946076051498564,0.0872400381986872,0.0663261193938385,-413.6096048603301,0.0073675669511692,0.0209139188048486,0.0282814857560178,7.0,1,2024|1|2024_1_Broncos_Seahawks||,,,,,,,,,,,,,,,,,,,,,2024,1,0.8052995912582402,,-242.5,medium,steam_up,>0.05,confirmed,high_late_drift,1,,model_prob_fallback,-242.5,-250.0,-279.0,-242.5,0.708029197080292,0.8052995912582402,0.8052995912582402,0.742073835042574,0.7469373547514713,0.7566643941692661,-413.6096048603301,-413.6096048603301,-287.70785436408227,-295.15907178553203,-310.9550661877274,0.0972703941779482,0.0972703941779482,0.0910138769725259,0.0691518340023035,0.0340446379622819,0.0389081576711792,0.0486351970889741,1.4123711340206184,0.1373818969317413,0.0480836639261095,0.0549527587726963,0.0686909484658706,Elite,Strong,Strong,Strong,Tight,Medium Favorite,0.2321698520834524,False
2024_1_Cardinals_Bills,2024,1,2024-09-08,Bills,Cardinals,Bills,0.3278688524590163,1,0.8074368577710695,0.0543504380179831,-305.0,0.7530864197530864,10,Buffalo Bills,0.726775956284153,0.75,0.7530864197530864,-266.0,-300.0,-305.0,3862.0,10,1.0727777777777778,True,True,True,0.079988415231365,0.0560656583482443,0.0550607170439639,-419.310179728549,0.0239227568831206,0.0010049413042804,0.024927698187401,9.0,1,2024|1|2024_1_Cardinals_Bills||,,,,,,,,,,,,,,,,,,,,,2024,1,0.8074368577710695,,-266.0,small,steam_up,>0.05,confirmed,normal_late_drift,1,,model_prob_fallback,-266.0,-300.0,-305.0,-266.0,0.726775956284153,0.8074368577710695,0.8074368577710695,0.7550072718045738,0.7590403168789197,0.7671064070276112,-419.310179728549,-419.310179728549,-308.175380292234,-315.00718586914314,-329.38063998976446,0.0806609014869165,0.0806609014869165,0.0574368577710695,0.0543504380179831,0.0282313155204207,0.0322643605947666,0.0403304507434582,1.3759398496240602,0.1109845486624492,0.0388445920318571,0.0443938194649797,0.0554922743312245,Elite,Playable,Strong,Strong,Tight,Medium Favorite,0.2296144742436293,False
2024_2_Chargers_Panthers,2024,2,2024-09-15,Panthers,Chargers,Chargers,0.4319654427645788,1,0.7731893170385649,0.0748484422271018,-231.5,0.698340874811463,10,Los Angeles Chargers,0.7241379310344828,0.7402597402597403,0.7222222222222222,-262.5,-285.0,-260.0,47091.5,20,13.080972222222222,True,True,True,0.0743471075685889,0.0327435367043089,0.0530812617670417,-340.896340041457,0.04160357086428,-0.0203377250627327,0.0212658458015472,5.0,1,2024|2|2024_2_Chargers_Panthers||,,,,,,,,,,,,,,,,,,,,,2024,2,0.7731893170385649,,-262.5,small,reversal,>0.05,confirmed,high_late_drift,1,,model_prob_fallback,-262.5,-285.0,-260.0,-262.5,0.7241379310344828,0.7731893170385649,0.7731893170385649,0.7413059161359115,0.7437584854361157,0.7486636240365239,-340.896340041457,-340.896340041457,-286.5569653016786,-290.2568253633574,-297.8731674500307,0.0490513860040821,0.0490513860040821,0.0329295767788245,0.0509670948163426,0.0171679851014286,0.0196205544016329,0.0245256930020411,1.380952380952381,0.0677376282913515,0.0237081699019729,0.0270950513165406,0.0338688141456757,Strong,Playable,Playable,Playable,Loose,Medium Favorite,0.2211933460650658,False
2024_2_Seahawks_Patriots,2024,2,2024-09-15,Patriots,Seahawks,Seahawks,0.5970149253731343,1,0.7141789732119047,0.0880107489128393,-167.5,0.6261682242990654,10,Seattle Seahawks,0.6460176991150443,0.6466431095406361,0.6363636363636364,-182.5,-183.0,-175.0,47091.5,20,13.080972222222222,True,True,True,0.0769058079108231,0.0677567078670869,0.0797208864068853,-249.8692910166436,0.0091491000437361,-0.0119641785397983,-0.0028150784960622,3.0,1,2024|2|2024_2_Seahawks_Patriots||,,,,,,,,,,,,,,,,,,,,,2024,2,0.7141789732119047,,-182.5,flat,reversal,>0.05,confirmed,normal_late_drift,1,,model_prob_fallback,-182.5,-183.0,-175.0,-182.5,0.6460176991150443,0.7141789732119047,0.7141789732119047,0.6698741450489454,0.6732822087537884,0.6800983361634745,-249.8692910166436,-249.8692910166436,-202.91477780444148,-206.0745471453096,-212.59606092921567,0.0681612740968604,0.0681612740968604,0.0675358636712686,0.0778153368482683,0.0238564459339011,0.0272645096387441,0.0340806370484302,1.547945205479452,0.1055099174376059,0.0369284711031621,0.0422039669750422,0.0527549587188029,Elite,Playable,Playable,Strong,Loose,Medium Favorite,0.2086625755256725,False
2024_3_Dolphins_Seahawks,2024,3,2024-09-22,Seahawks,Dolphins,Seahawks,0.4938271604938271,1,0.7578463741812829,0.088424886577977,-202.5,0.6694214876033058,10,Seattle Seahawks,0.7142857142857143,0.6855345911949685,0.6694214876033058,-250.0,-218.0,-202.5,20608.8,10,5.724666666666667,True,True,True,0.1301833063173542,0.0730947783271893,0.0859014096133674,-312.9609856631375,0.0570885279901648,-0.012806631286178,0.0442818967039867,6.0,1,2024|3|2024_3_Dolphins_Seahawks||,,,,,,,,,,,,,,,,,,,,,2024,3,0.7578463741812829,,-250.0,medium,reversal,>0.05,confirmed,normal_late_drift,1,,model_prob_fallback,-250.0,-218.0,-202.5,-250.0,0.7142857142857143,0.7578463741812829,0.7578463741812829,0.7295319452491633,0.7317099782439418,0.7360660442334985,-312.9609856631375,-312.9609856631375,-269.7294310491603,-272.7309698119323,-278.8826629358313,0.0435606598955685,0.0435606598955685,0.0723117829863143,0.088424886577977,0.015246230963449,0.0174242639582274,0.0217803299477842,1.4,0.0609849238537958,0.0213447233488286,0.0243939695415185,0.0304924619268978,Strong,Playable,Playable,Playable,Loose,Medium Favorite,0.2405666455250416,False
2024_3_Texans_Vikings,2024,3,2024-09-22,Vikings,Texans,Texans,-1.0,0,0.6694551615205195,0.109983795881753,-127.0,0.5594713656387665,10,Houston Texans,0.623352165725047,0.5824634655532359,0.5594713656387665,-165.5,-139.5,-127.0,11728.8,10,3.258,True,True,True,0.0498988779710111,0.0861880397674184,0.1086634718066588,-202.5308168779885,-0.0362891617964072,-0.0224754320392404,-0.0587645938356476,5.0,0,2024|3|2024_3_Texans_Vikings||,,,,,,,,,,,,,,,,,,,,,2024,3,0.6694551615205195,,-165.5,large,steam_down,>0.05,faded_late,high_late_drift,1,,model_prob_fallback,-165.5,-139.5,-127.0,-165.5,0.623352165725047,0.6694551615205195,0.6694551615205195,0.6394882142534624,0.6417933640432361,0.6464036636227832,-202.5308168779885,-202.5308168779885,-177.38344196687723,-179.16847417664854,-182.8083600202236,0.0461029957954725,0.0461029957954725,0.0869916959672836,0.109983795881753,0.0161360485284153,0.018441198318189,0.0230514978977361,1.6042296072507551,0.0739597908380538,0.0258859267933186,0.0295839163352213,0.0369798954190268,Strong,Playable,Playable,Playable,Block,Medium Favorite,0.1924675351449666,False
2024_4_Commanders_Cardinals,2024,4,2024-09-29,Cardinals,Commanders,Cardinals,-1.0,0,0.6959777295906868,0.0544006686587872,-179.0,0.6415770609318996,10,Arizona Cardinals,0.6683250414593698,0.6466431095406361,0.6428571428571429,-201.5,-183.0,-180.0,120477.5,12,33.46597222222222,False,True,True,0.0343995313091596,0.0456465364339646,0.0469827399011703,-228.9232721845257,-0.011247005124805,-0.0013362034672056,-0.0125832085920106,7.0,0,2024|4|2024_4_Commanders_Cardinals||,,,,,,,,,,,,,,,,,,,,,2024,4,0.6959777295906868,,-201.5,small,steam_down,0.02-0.05,faded_late,normal_late_drift,1,,model_prob_fallback,-201.5,-183.0,-180.0,-201.5,0.6683250414593698,0.6959777295906868,0.6959777295906868,0.6780034823053307,0.6793861167118966,0.6821513855250283,-228.9232721845257,-228.9232721845257,-210.56236482291476,-211.9016524625669,-214.615182970616,0.027652688131317,0.027652688131317,0.0493346200500507,0.0531205867335439,0.0096784408459609,0.0110610752525268,0.0138263440656585,1.4962779156327544,0.0413761065587696,0.0144816372955691,0.0165504426235079,0.0206880532793847,Playable,Thin,Thin,Thin,Loose,Medium Favorite,0.1887968541768024,False
2024_5_Colts_Jaguars,2024,5,2024-10-06,Jaguars,Colts,Jaguars,0.5263157894736842,1,0.6505037486840192,-0.0046686651090842,-190.0,0.6551724137931034,10,Jacksonville Jaguars,0.5918367346938775,0.6031746031746031,0.6491228070175439,-145.0,-152.0,-185.0,123505.6153846154,13,34.307115384615386,False,True,True,0.0614938497013236,0.0492461999680945,0.0133965975475269,-186.12610184934329,0.0122476497332291,0.0358496024205675,0.0480972521537966,12.0,1,2024|5|2024_5_Colts_Jaguars||,,,,,,,,,,,,,,,,,,,,,2024,5,0.6505037486840192,,-145.0,medium,steam_up,0-0.02,confirmed,high_late_drift,1,,model_prob_fallback,-145.0,-152.0,-185.0,-145.0,0.5918367346938775,0.6505037486840192,0.6505037486840192,0.6123701895904271,0.6153035402899342,0.6211702416889484,-186.12610184934329,-186.12610184934329,-157.97809485895618,-159.945204786566,-163.97081487429364,0.0586670139901416,0.0586670139901416,0.047329145509416,0.0013809416664752,0.0205334548965495,0.0234668055960566,0.0293335069950708,1.6896551724137931,0.0991270236385151,0.0346944582734802,0.039650809455406,0.0495635118192576,Elite,Playable,Playable,Playable,Normal,Light Favorite,0.177796793099854,False
2024_6_Falcons_Panthers,2024,6,2024-10-13,Panthers,Falcons,Falcons,0.3846153846153846,1,0.758156727235225,0.0359345050130027,-260.0,0.7222222222222222,10,Atlanta Falcons,0.696969696969697,0.7222222222222222,0.7222222222222222,-230.0,-260.0,-260.0,135806.38461538462,13,37.72399572649573,False,False,True,0.085858242949132,0.0579462946126435,0.0592828721842643,-313.4909309520608,0.0279119483364884,-0.0013365775716207,0.0265753707648677,10.0,1,2024|6|2024_6_Falcons_Panthers||,,,,,,,,,,,,,,,,,,,,,2024,6,0.758156727235225,,-230.0,medium,reversal,>0.05,confirmed,normal_late_drift,1,,model_prob_fallback,-230.0,-260.0,-260.0,-230.0,0.696969696969697,0.758156727235225,0.758156727235225,0.7183851575626318,0.7214445090759083,0.727563212102461,-313.4909309520608,-313.4909309520608,-255.0949201913611,-258.9948978146357,-267.057623794952,0.0611870302655279,0.0611870302655279,0.0359345050130027,0.0359345050130027,0.0214154605929347,0.0244748121062112,0.0305935151327639,1.434782608695652,0.0877900869027139,0.0307265304159498,0.0351160347610857,0.0438950434513569,Elite,Playable,Playable,Strong,Normal,Medium Favorite,0.221234761940842,False
2024_6_Jaguars_Bears,2024,6,2024-10-13,Bears,Jaguars,Bears,0.8547008547008547,1,0.6070912012680634,0.0679206943556209,-117.0,0.5391705069124424,10,Chicago Bears,0.5652173913043478,0.5652173913043478,0.5370370370370371,-130.0,-130.0,-116.0,137715.4,15,38.25427777777777,False,False,True,0.0061235891349706,-0.0045571514955679,0.0143608236318161,-154.51198935411304,0.0106807406305385,-0.018917975127384,-0.0082372344968454,9.0,1,2024|6|2024_6_Jaguars_Bears||,,,,,,,,,,,,,,,,,,,,,2024,6,0.6070912012680634,,-130.0,flat,reversal,0-0.02,confirmed,high_late_drift,1,,model_prob_fallback,-130.0,-130.0,-116.0,-130.0,0.5652173913043478,0.6070912012680634,0.6070912012680634,0.5798732247916483,0.581966915289834,0.5861542962862056,-154.51198935411304,-154.51198935411304,-138.02339174980554,-139.2155158468684,-141.6359505550348,0.0418738099637155,0.0418738099637155,0.0418738099637155,0.0700541642310262,0.0146558334873004,0.0167495239854862,0.0209369049818578,1.7692307692307692,0.0740844330127274,0.0259295515544546,0.0296337732050908,0.0370422165063637,Strong,Thin,Playable,Playable,Loose,Light Favorite,0.152420972179977,False
2024_7_Bengals_Browns,2024,7,2024-10-20,Browns,Bengals,Bengals,0.4,1,0.7837738663841891,0.0694881520984748,-250.0,0.7142857142857143,10,Cincinnati Bengals,0.6923076923076923,0.7405966277561609,0.7142857142857143,-225.0,-285.5,-250.0,12501.1,10,3.4725277777777777,True,True,True,0.1047815581078865,0.0420549382229007,0.0704377672244525,-362.4787870354252,0.0627266198849858,-0.0283828290015517,0.034343790883434,5.0,1,2024|7|2024_7_Bengals_Browns||,,,,,,,,,,,,,,,,,,,,,2024,7,0.7837738663841891,,-225.0,medium,reversal,>0.05,confirmed,high_late_drift,1,,model_prob_fallback,-225.0,-285.5,-250.0,-225.0,0.6923076923076923,0.7837738663841891,0.7837738663841891,0.7243208532344662,0.728894161938291,0.7380407793459407,-362.4787870354252,-362.4787870354252,-262.7405306976315,-268.8596332523022,-281.7388055679819,0.0914661740764968,0.0914661740764968,0.0431772386280282,0.0694881520984748,0.0320131609267738,0.0365864696305987,0.0457330870382484,1.4444444444444444,0.1321178069993842,0.0462412324497845,0.0528471227997537,0.0660589034996921,Elite,Strong,Strong,Strong,Loose,Medium Favorite,0.233258156470898,False
2024_7_Raiders_Rams,2024,7,2024-10-20,Rams,Raiders,Rams,0.2797202797202797,1,0.7916223758008929,0.0102016107735705,-357.5,0.7814207650273224,10,Los Angeles Rams,0.7037037037037037,0.754601226993865,0.7814207650273224,-237.5,-307.5,-357.5,23601.1,10,6.555861111111111,True,True,True,0.0979835232376039,0.0337792812801176,0.0111849388417167,-379.8979755352662,0.0642042419574863,0.0225943424384008,0.0867985843958871,10.0,1,2024|7|2024_7_Raiders_Rams||,,,,,,,,,,,,,,,,,,,,,2024,7,0.7916223758008929,,-237.5,large,steam_up,0-0.02,confirmed,high_late_drift,1,,model_prob_fallback,-237.5,-307.5,-357.5,-237.5,0.7037037037037037,0.7916223758008929,0.7916223758008929,0.7344752389377199,0.7388711725425794,0.7476630397522983,-379.8979755352662,-379.8979755352662,-276.61271061851943,-282.9527401232861,-296.2954927484144,0.0879186720971891,0.0879186720971891,0.0370211488070278,0.0102016107735705,0.0307715352340162,0.0351674688388756,0.0439593360485945,1.4210526315789471,0.1249370603486372,0.043727971122023,0.0499748241394548,0.0624685301743186,Elite,Strong,Strong,Strong,Tight,Medium Favorite,0.2249045796769128,False
2024_8_Colts_Texans,2024,8,2024-10-27,Texans,Colts,Texans,0.4264392324093816,1,0.8105459564511572,0.1094996186335189,-234.5,0.7010463378176383,10,Houston Texans,0.7241379310344828,0.7037037037037037,0.7010463378176383,-262.5,-237.5,-234.5,28236.6,10,7.8435,True,True,True,0.0962405825732484,0.1055919307730604,0.11063223090564,-427.8324923913234,-0.0093513481998119,-0.0050403001325796,-0.0143916483323915,5.0,1,2024|8|2024_8_Colts_Texans||,,,,,,,,,,,,,,,,,,,,,2024,8,0.8105459564511572,,-262.5,small,steam_down,>0.05,faded_late,normal_late_drift,1,,model_prob_fallback,-262.5,-237.5,-234.5,-262.5,0.7241379310344828,0.8105459564511572,0.8105459564511572,0.7543807399303188,0.7587011412011526,0.7673419437428199,-427.8324923913234,-427.8324923913234,-307.1341961197604,-314.4238414461895,-329.815333321018,0.0864080254166744,0.0864080254166744,0.1068422527474535,0.1094996186335189,0.030242808895836,0.0345632101666698,0.0432040127083371,1.380952380952381,0.1193253684325503,0.0417638789513927,0.0477301473730202,0.059662684216275,Elite,Strong,Strong,Strong,Tight,Medium Favorite,0.241335354324823,False
2024_8_Packers_Jaguars,2024,8,2024-10-27,Jaguars,Packers,Packers,0.5263157894736842,1,0.77417015722032,0.1189977434272165,-190.0,0.6551724137931034,10,Green Bay Packers,0.6825396825396826,0.6747967479674797,0.6551724137931034,-215.0,-207.5,-190.0,28236.6,10,7.8435,True,True,True,0.1041277155071893,0.0952541023253339,0.1193715224978487,-342.8112722797234,0.0088736131818554,-0.0241174201725148,-0.0152438069906594,4.0,1,2024|8|2024_8_Packers_Jaguars||,,,,,,,,,,,,,,,,,,,,,2024,8,0.77417015722032,,-215.0,small,reversal,>0.05,confirmed,high_late_drift,1,,model_prob_fallback,-215.0,-207.5,-190.0,-215.0,0.6825396825396826,0.77417015722032,0.77417015722032,0.7146103486779056,0.7191918724119375,0.7283549198800012,-342.8112722797234,-342.8112722797234,-250.3981294932756,-256.1150485882558,-268.12741079582656,0.0916304746806374,0.0916304746806374,0.0993734092528403,0.1189977434272165,0.032070666138223,0.0366521898722549,0.0458152373403186,1.4651162790697674,0.1342493001134921,0.0469872550397221,0.0536997200453968,0.0671246500567459,Elite,Strong,Strong,Strong,Loose,Medium Favorite,0.2355102587547365,False
2024_9_Dolphins_Bills,2024,9,2024-11-03,Bills,Dolphins,Bills,0.3636363636363636,1,0.7925413121002094,0.0592079787668761,-275.0,0.7333333333333333,10,Buffalo Bills,0.7222222222222222,0.7297297297297297,0.7333333333333333,-260.0,-270.0,-275.0,112392.64285714286,14,31.22017857142857,False,True,True,0.0824882750970246,0.0648075324169679,0.0618152300208625,-382.0236790869096,0.0176807426800567,0.0029923023961053,0.020673045076162,3.0,1,2024|9|2024_9_Dolphins_Bills||,,,,,,,,,,,,,,,,,,,,,2024,9,0.7925413121002094,,-260.0,small,steam_up,>0.05,confirmed,normal_late_drift,1,,model_prob_fallback,-260.0,-270.0,-275.0,-260.0,0.7222222222222222,0.7925413121002094,0.7925413121002094,0.7468339036795177,0.7503498581734172,0.7573817671612157,-382.0236790869096,-382.0236790869096,-294.99759823057144,-300.5605575400156,-312.1701771129803,0.0703190898779871,0.0703190898779871,0.0628115823704796,0.0592079787668761,0.0246116814572955,0.0281276359511949,0.0351595449389935,1.3846153846153846,0.0973648936772129,0.0340777127870246,0.0389459574708852,0.0486824468386064,Elite,Playable,Playable,Strong,Normal,Medium Favorite,0.2279661807800276,True
2024_11_Rams_Patriots,2024,11,2024-11-17,Patriots,Rams,Rams,0.4842615012106537,1,0.7764676207831509,0.1027318948451411,-206.5,0.6737357259380098,10,Los Angeles Rams,0.7175141242937854,0.6923076923076923,0.6774193548387096,-254.0,-225.0,-210.0,112393.35714285714,14,31.220376984126982,False,True,True,0.0696286214924517,0.0750436312192593,0.0848433761132309,-347.36248211714263,-0.0054150097268076,-0.0097997448939715,-0.0152147546207791,2.0,1,2024|11|2024_11_Rams_Patriots||,,,,,,,,,,,,,,,,,,,,,2024,11,0.7764676207831509,,-254.0,small,steam_down,>0.05,faded_late,normal_late_drift,1,,model_prob_fallback,-254.0,-225.0,-210.0,-254.0,0.7175141242937854,0.7764676207831509,0.7764676207831509,0.7381478480650633,0.7410955228895316,0.7469908725384682,-347.36248211714263,-347.36248211714263,-281.8948947375744,-286.2428379611697,-295.24265785709355,0.0589534964893655,0.0589534964893655,0.0841599284754586,0.0990482659444412,0.0206337237712779,0.0235813985957462,0.0294767482446828,1.3937007874015748,0.0821635344773048,0.0287572370670565,0.0328654137909218,0.0410817672386525,Elite,Playable,Playable,Playable,Normal,Medium Favorite,0.2228445155752133,True
2024_11_Ravens_Steelers,2024,11,2024-11-17,Steelers,Ravens,Ravens,-1.0,0,0.7266353533589146,0.0902717169952782,-175.0,0.6363636363636364,10,Baltimore Ravens,0.6363636363636364,0.6357012750455373,0.6363636363636364,-175.0,-174.5,-175.0,93871.83333333331,12,26.07550925925926,False,True,True,0.0955457080026102,0.0918853787118262,0.0915716096477604,-265.8117508197583,0.0036603292907839,0.0003137690640657,0.0039740983548497,3.0,0,2024|11|2024_11_Ravens_Steelers||,,,,,,,,,,,,,,,,,,,,,2024,11,0.7266353533589146,,-175.0,flat,steam_up,>0.05,confirmed,normal_late_drift,1,,model_prob_fallback,-175.0,-174.5,-175.0,-175.0,0.6363636363636364,0.7266353533589146,0.7266353533589146,0.6679587373119837,0.6724723231617477,0.6814994948612755,-265.8117508197583,-265.8117508197583,-201.16738862651331,-205.3177092248739,-213.97124458702035,0.0902717169952782,0.0902717169952782,0.0909340783133773,0.0902717169952782,0.0315951009483473,0.0361086867981113,0.0451358584976391,1.5714285714285714,0.1418555552782943,0.0496494443474029,0.0567422221113176,0.0709277776391472,Elite,Strong,Strong,Strong,Tight,Medium Favorite,0.2179066000093421,True
2024_12_Broncos_Raiders,2024,12,2024-11-24,Raiders,Broncos,Broncos,0.392156862745098,1,0.7443849328186343,0.0260750736637046,-255.0,0.7183098591549296,10,Denver Broncos,0.6923076923076923,0.7122302158273381,0.7183098591549296,-225.0,-247.5,-255.0,28416.6,10,7.893499999999999,True,True,True,0.0988395106597549,0.0287958287250207,0.0256698127899077,-291.21324537980905,0.0700436819347342,0.0031260159351129,0.0731696978698471,9.0,1,2024|12|2024_12_Broncos_Raiders||,,,,,,,,,,,,,,,,,,,,,2024,12,0.7443849328186343,,-225.0,large,steam_up,0.02-0.05,confirmed,normal_late_drift,1,,model_prob_fallback,-225.0,-247.5,-255.0,-225.0,0.6923076923076923,0.7443849328186343,0.7443849328186343,0.710534726486522,0.7131385885120691,0.7183463125631633,-291.21324537980905,-291.21324537980905,-245.46458297473063,-248.6003902766382,-255.0459463536257,0.0520772405109419,0.0520772405109419,0.0321547169912961,0.0260750736637046,0.0182270341788297,0.0208308962043768,0.0260386202554709,1.4444444444444444,0.0752226807380271,0.0263279382583097,0.0300890722952109,0.0376113403690137,Elite,Playable,Playable,Playable,Normal,Medium Favorite,0.2192990347852863,True
2024_12_Vikings_Bears,2024,12,2024-11-24,Bears,Vikings,Vikings,0.5813953488372093,1,0.7239254832483337,0.0915725420718631,-172.0,0.6323529411764706,10,Minnesota Vikings,0.6551724137931034,0.6428571428571429,0.6323529411764706,-190.0,-180.0,-172.0,14608.8,10,4.058,True,True,True,0.0801017909496748,0.0795713017379277,0.0923183419347586,-262.221045160614,0.0005304892117471,-0.0127470401968309,-0.0122165509850837,4.0,1,2024|12|2024_12_Vikings_Bears||,,,,,,,,,,,,,,,,,,,,,2024,12,0.7239254832483337,,-190.0,small,reversal,>0.05,confirmed,normal_late_drift,1,,model_prob_fallback,-190.0,-180.0,-172.0,-190.0,0.6551724137931034,0.7239254832483337,0.7239254832483337,0.6792359881024341,0.6826736415751955,0.6895489485207186,-262.221045160614,-262.221045160614,-211.75567174267172,-215.13297696540573,-222.11197070683363,0.0687530694552303,0.0687530694552303,0.0810683403911908,0.0915725420718631,0.0240635743093307,0.027501227782092,0.0343765347276151,1.526315789473684,0.1049388954842986,0.0367286134195046,0.0419755581937193,0.0524694477421492,Elite,Playable,Playable,Strong,Loose,Medium Favorite,0.2134361169760793,True
2024_13_Buccaneers_Panthers,2024,13,2024-12-01,Panthers,Buccaneers,Buccaneers,0.3448275862068966,1,0.7714745648687655,0.0278848212790219,-290.0,0.7435897435897436,10,Tampa Bay Buccaneers,0.7183098591549296,0.7183098591549296,0.7435897435897436,-255.0,-255.0,-290.0,18561.0,10,5.155833333333334,True,True,True,0.059636839299487,0.0510319355637181,0.027799355492175,-337.588052037067,0.0086049037357689,0.023232580071543,0.0318374838073119,7.0,1,2024|13|2024_13_Buccaneers_Panthers||,,,,,,,,,,,,,,,,,,,,,2024,13,0.7714745648687655,,-255.0,medium,steam_up,0.02-0.05,confirmed,high_late_drift,1,,model_prob_fallback,-255.0,-255.0,-290.0,-255.0,0.7183098591549296,0.7714745648687655,0.7714745648687655,0.7369175061547721,0.739575741440464,0.7448922120118475,-337.588052037067,-337.588052037067,-280.1089100927797,-283.9888056247988,-291.99116886484126,0.0531647057138359,0.0531647057138359,0.0531647057138359,0.0278848212790219,0.0186076469998425,0.0212658822855343,0.0265823528569179,1.392156862745098,0.0740136099153401,0.025904763470369,0.0296054439661361,0.0370068049576699,Elite,Playable,Playable,Playable,Normal,Medium Favorite,0.2104766831141065,True
2024_14_Bills_Rams,2024,14,2024-12-08,Rams,Bills,Bills,-1.0,0,0.7382262556567274,0.0830538418636239,-190.0,0.6551724137931034,10,Buffalo Bills,0.6644295302013423,0.6845425867507886,0.6551724137931034,-198.0,-217.0,-190.0,143207.42857142858,14,39.77984126984127,False,False,True,0.0796778873987563,0.0594639383277653,0.0843795862706938,-282.0092815300326,0.020213949070991,-0.0249156479429285,-0.0047016988719374,4.0,0,2024|14|2024_14_Bills_Rams||,,,,,,,,,,,,,,,,,,,,,2024,14,0.7382262556567274,,-198.0,flat,reversal,>0.05,confirmed,high_late_drift,1,,model_prob_fallback,-198.0,-217.0,-190.0,-198.0,0.6644295302013423,0.7382262556567274,0.7382262556567274,0.690258384110727,0.6939482203834964,0.7013278929290349,-282.0092815300326,-282.0092815300326,-222.8497394930237,-226.742096142373,-234.81532969611985,0.073796725455385,0.073796725455385,0.0536836689059387,0.0830538418636239,0.0258288539093847,0.029518690182154,0.0368983627276925,1.5050505050505052,0.1110677989177009,0.0388737296211953,0.0444271195670804,0.0555338994588505,Elite,Playable,Playable,Strong,Loose,Medium Favorite,0.2157160123489389,True
2024_14_Jaguars_Titans,2024,14,2024-12-08,Titans,Jaguars,Titans,-1.0,0,0.6739407591442802,0.0463802377290102,-168.5,0.62756052141527,10,Tennessee Titans,0.5780590717299579,0.6551724137931034,0.6240601503759399,-137.0,-190.0,-166.0,130907.42857142857,14,36.3631746031746,False,False,True,0.0717238765586354,0.0421426208145204,0.0645800147168387,-206.69273392637777,0.0295812557441149,-0.0224373939023182,0.0071438618417967,7.0,0,2024|14|2024_14_Jaguars_Titans||,,,,,,,,,,,,,,,,,,,,,2024,14,0.6739407591442802,,-137.0,flat,reversal,>0.05,confirmed,high_late_drift,1,,model_prob_fallback,-137.0,-190.0,-166.0,-137.0,0.5780590717299579,0.6739407591442802,0.6739407591442802,0.6116176623249707,0.6164117466956868,0.625999915437119,-206.69273392637777,-206.69273392637777,-157.47823806465908,-160.69619999720558,-167.3796186887944,0.0958816874143223,0.0958816874143223,0.0187683453511767,0.0498806087683403,0.0335585905950128,0.0383526749657289,0.0479408437071611,1.72992700729927,0.1658683205634628,0.0580539121972121,0.066347328225385,0.0829341602817312,Elite,Strong,Strong,Strong,Loose,Light Favorite,0.1933348299342737,True
2024_15_Jets_Jaguars,2024,15,2024-12-15,Jaguars,Jets,Jets,0.5714285714285714,1,0.7308677371674173,0.0945041008037809,-175.0,0.6363636363636364,10,New York Jets,0.6363636363636364,0.6428571428571429,0.6370235934664247,-175.0,-180.0,-175.5,106221.0,14,29.50583333333333,False,True,True,0.1002250057488114,0.0906022791593491,0.0904881471047253,-271.5645197922864,0.0096227265894622,0.0001141320546238,0.0097368586440861,4.0,1,2024|15|2024_15_Jets_Jaguars||,,,,,,,,,,,,,,,,,,,,,2024,15,0.7308677371674173,,-175.0,flat,steam_up,>0.05,confirmed,normal_late_drift,1,,model_prob_fallback,-175.0,-180.0,-175.5,-175.0,0.6363636363636364,0.7308677371674173,0.7308677371674173,0.6694400716449597,0.6741652766851487,0.6836156867655268,-271.5645197922864,-271.5645197922864,-202.5170065156665,-206.9040616133808,-216.07129625889428,0.0945041008037809,0.0945041008037809,0.0880105943102743,0.0938441437009925,0.0330764352813233,0.0378016403215123,0.0472520504018904,1.5714285714285714,0.148506444120227,0.0519772554420794,0.0594025776480908,0.0742532220601135,Elite,Strong,Strong,Strong,Tight,Medium Favorite,0.2202178007526837,True
2024_15_Bengals_Titans,2024,15,2024-12-15,Titans,Bengals,Bengals,0.3875968992248062,1,0.7418795631424869,0.0212091720810344,-258.0,0.7206703910614525,10,Cincinnati Bengals,0.6621621621621622,0.6946564885496184,0.7142857142857143,-196.0,-227.5,-250.0,106221.0,14,29.50583333333333,False,True,True,0.0700419594251016,0.0560097432827364,0.0405693446580297,-287.4160497225631,0.0140322161423651,0.0154403986247066,0.0294726147670718,8.0,1,2024|15|2024_15_Bengals_Titans||,,,,,,,,,,,,,,,,,,,,,2024,15,0.7418795631424869,,-196.0,medium,steam_up,0.02-0.05,confirmed,high_late_drift,1,,model_prob_fallback,-196.0,-227.5,-250.0,-196.0,0.6621621621621622,0.7418795631424869,0.7418795631424869,0.6900632525052759,0.6940491225542921,0.7020208626523246,-287.4160497225631,-287.4160497225631,-222.646478058244,-226.84985522796995,-235.59396436308967,0.0797174009803247,0.0797174009803247,0.0472230745928685,0.0275938488567726,0.0279010903431137,0.0318869603921299,0.0398587004901623,1.510204081632653,0.1203895443376332,0.0421363405181716,0.0481558177350531,0.0601947721688165,Elite,Playable,Strong,Strong,Tight,Medium Favorite,0.2069172531191168,True
2024_16_Steelers_Ravens,2024,16,2024-12-21,Ravens,Steelers,Ravens,0.303030303030303,1,0.8136546103634082,0.0462127498982919,-330.0,0.7674418604651163,10,Baltimore Ravens,0.7278911564625851,0.738562091503268,0.7674418604651163,-267.5,-282.5,-330.0,1503312.0,12,417.5866666666666,False,False,False,0.1046292112586699,0.0774330718362227,0.0550737314617827,-436.6379076778805,0.0271961394224472,0.0223593403744399,0.0495554797968872,5.0,1,2024|16|2024_16_Steelers_Ravens||,,,,,,,,,,,,,,,,,,,,,2024,16,0.8136546103634082,,-267.5,medium,steam_up,>0.05,confirmed,high_late_drift,1,,model_prob_fallback,-267.5,-282.5,-330.0,-267.5,0.7278911564625851,0.8136546103634082,0.8136546103634082,0.7579083653278732,0.7621965380229143,0.7707728834129967,-436.6379076778805,-436.6379076778805,-313.06673043632225,-320.5153245819265,-336.2485620764021,0.0857634539008231,0.0857634539008231,0.0750925188601402,0.0462127498982919,0.0300172088652881,0.0343053815603292,0.0428817269504115,1.3738317757009346,0.1178245581628132,0.0412385953569847,0.0471298232651253,0.0589122790814067,Elite,Strong,Strong,Strong,Tight,Medium Favorite,0.2373018738670631,True
2024_16_Eagles_Commanders,2024,16,2024-12-22,Commanders,Eagles,Eagles,-1.0,0,0.7143778887243091,0.0288432975293405,-218.0,0.6855345911949685,10,Philadelphia Eagles,0.6428571428571429,0.6363636363636364,0.6815286624203821,-180.0,-175.0,-214.0,1497912.0,12,416.0866666666666,False,False,False,0.0800500643553089,0.0743776041126127,0.0385628951509966,-250.11295012617924,0.0056724602426961,0.035814708961616,0.0414871692043122,8.0,0,2024|16|2024_16_Eagles_Commanders||,,,,,,,,,,,,,,,,,,,,,2024,16,0.7143778887243091,,-180.0,medium,steam_up,0.02-0.05,confirmed,high_late_drift,1,,model_prob_fallback,-180.0,-175.0,-214.0,-180.0,0.6428571428571429,0.7143778887243091,0.7143778887243091,0.6678894039106511,0.6714654412040093,0.6786175157907259,-250.11295012617924,-250.11295012617924,-201.10451511488856,-204.3819815074516,-211.15572538447108,0.0715207458671661,0.0715207458671661,0.0780142523606727,0.0328492263039269,0.0250322610535081,0.0286082983468664,0.035760372933583,1.5555555555555556,0.1112544935711474,0.0389390727499017,0.0445017974284589,0.0556272467855736,Elite,Playable,Playable,Strong,Normal,Medium Favorite,0.2018803611136717,True
2024_17_Dolphins_Browns,2024,17,2024-12-29,Browns,Dolphins,Dolphins,0.5555555555555556,1,0.753692812682365,0.110835669825222,-180.0,0.6428571428571429,10,Miami Dolphins,0.6875,0.7050147492625368,0.6825396825396826,-220.0,-239.0,-215.0,162975.3,20,45.270916666666665,False,False,True,0.0641722860399393,0.0567050767236573,0.0686521252452945,-305.99708473403626,0.0074672093162819,-0.0119470485216371,-0.0044798392053552,3.0,1,2024|17|2024_17_Dolphins_Browns||,,,,,,,,,,,,,,,,,,,,,2024,17,0.753692812682365,,-220.0,flat,reversal,>0.05,confirmed,normal_late_drift,1,,model_prob_fallback,-220.0,-239.0,-215.0,-220.0,0.6875,0.753692812682365,0.753692812682365,0.7106674844388278,0.713977125072946,0.7205964063411825,-305.99708473403626,-305.99708473403626,-245.62309668529969,-249.6223860609175,-257.90520333146105,0.0661928126823649,0.0661928126823649,0.0486780634198281,0.0711531301426824,0.0231674844388277,0.0264771250729459,0.0330964063411824,1.4545454545454546,0.0962804548107127,0.0336981591837495,0.038512181924285,0.0481402274053563,Elite,Playable,Playable,Strong,Loose,Medium Favorite,0.2131152189213339,True
2024_17_Broncos_Bengals,2024,17,2024-12-28,Bengals,Broncos,Bengals,0.5524861878453039,1,0.6984857529160694,0.0543576390370658,-181.0,0.6441281138790036,10,Cincinnati Bengals,0.6226415094339622,0.6363636363636364,0.6428571428571429,-165.0,-175.0,-180.0,119801.23076923077,13,33.27811965811966,False,True,True,0.0820814162172428,0.0677633990010206,0.0605522793628927,-231.6592863094912,0.0143180172162221,0.0072111196381279,0.02152913685435,8.0,1,2024|17|2024_17_Broncos_Bengals||,,,,,,,,,,,,,,,,,,,,,2024,17,0.6984857529160694,,-165.0,small,steam_up,>0.05,confirmed,normal_late_drift,1,,model_prob_fallback,-165.0,-175.0,-180.0,-165.0,0.6226415094339622,0.6984857529160694,0.6984857529160694,0.6491869946526998,0.6529792068268051,0.6605636311750158,-231.65928630949116,-231.65928630949116,-185.05214594596157,-188.1671702885277,-194.606026885589,0.0758442434821071,0.0758442434821071,0.062122116552433,0.0556286100589265,0.0265454852187375,0.0303376973928428,0.0379221217410535,1.606060606060606,0.1218104516530811,0.0426336580785784,0.0487241806612324,0.0609052258265405,Elite,Playable,Strong,Strong,Tight,Medium Favorite,0.2033749528337813,True
2024_19_Chargers_Texans,2024,19,2025-01-11,Texans,Chargers,Chargers,-1.0,0,0.6916926998190818,0.0838495625641798,-155.0,0.6078431372549019,10,Los Angeles Chargers,0.6153846153846154,0.6153846153846154,0.6078431372549019,-160.0,-160.0,-155.0,20122.0,10,5.589444444444444,True,True,True,0.0773980526636951,0.0791854686217586,0.0842292767321749,-224.3517099378408,-0.0017874159580635,-0.0050438081104162,-0.0068312240684798,2.0,0,2024|19|2024_19_Chargers_Texans||,,,,,,,,,,,,,,,,,,,,,2024,19,0.6916926998190818,,-160.0,flat,steam_down,>0.05,faded_late,normal_late_drift,1,,model_prob_fallback,-160.0,-160.0,-155.0,-160.0,0.6153846153846154,0.6916926998190818,0.6916926998190818,0.6420924449366786,0.645907849158402,0.6535386576018486,-224.3517099378408,-224.3517099378408,-179.4017577592289,-182.41236006593857,-188.63249015839855,0.0763080844344663,0.0763080844344663,0.0763080844344663,0.0838495625641798,0.0267078295520631,0.0305232337737866,0.0381540422172331,1.625,0.1240006372060078,0.0434002230221026,0.0496002548824032,0.062000318603004,Elite,Playable,Strong,Strong,Tight,Medium Favorite,0.2030938551498686,True
2024_19_Commanders_Buccaneers,2024,19,2025-01-12,Buccaneers,Commanders,Buccaneers,-1.0,0,0.6649691013430411,0.0481108637951483,-161.0,0.6168582375478927,10,Tampa Bay Buccaneers,0.5901639344262295,0.5901639344262295,0.5901639344262295,-144.0,-144.0,-144.0,266661.0,1,74.0725,False,False,False,0.0748051669168116,0.0748051669168116,0.0748051669168116,-198.4799324506212,0.0,0.0,0.0,4.0,0,2024|19|2024_19_Commanders_Buccaneers||,,,,,,,,,,,,,,,,,,,,,2024,19,0.6649691013430411,,-144.0,flat,flat,>0.05,confirmed,normal_late_drift,1,,model_prob_fallback,-144.0,-144.0,-144.0,-144.0,0.5901639344262295,0.6649691013430411,0.6649691013430411,0.6163457428471135,0.6200860011929541,0.6275665178846352,-198.4799324506212,-198.4799324506212,-160.65134984322597,-163.21746583175758,-168.50432305928945,0.0748051669168116,0.0748051669168116,0.0748051669168116,0.0748051669168116,0.026181808420884,0.0299220667667245,0.0374025834584057,1.6944444444444444,0.1267531994979307,0.0443636198242756,0.0507012797991721,0.0633765997489652,Elite,Playable,Playable,Strong,Normal,Light Favorite,0.1946682387641486,True
2024_21_Commanders_Eagles,2024,21,2025-01-26,Eagles,Commanders,Eagles,0.3508771929824561,1,0.7886302876337227,0.0483705473739823,-285.0,0.7402597402597403,10,Philadelphia Eagles,0.7163120567375887,0.7435897435897436,0.7402597402597403,-252.5,-290.0,-285.0,14662.0,10,4.072777777777778,True,True,True,0.0718185095309656,0.0454494511484225,0.0497996623407389,-373.1046793814645,0.0263690583825431,-0.0043502111923163,0.0220188471902267,2.0,1,2024|21|2024_21_Commanders_Eagles||,,,,,,,,,,,,,,,,,,,,,2024,21,0.7886302876337227,,-252.5,small,reversal,0.02-0.05,confirmed,normal_late_drift,1,,model_prob_fallback,-252.5,-290.0,-285.0,-252.5,0.7163120567375887,0.7886302876337227,0.7886302876337227,0.7416234375512356,0.7452393490960423,0.7524711721856556,-373.1046793814645,-373.1046793814645,-287.03200883334694,-292.52529637200143,-303.9933485040524,0.0723182308961339,0.0723182308961339,0.045040544043979,0.0483705473739823,0.0253113808136469,0.0289272923584535,0.0361591154480669,1.396039603960396,0.1009591144193553,0.0353356900467745,0.0403836457677422,0.0504795572096776,Elite,Playable,Playable,Strong,Normal,Medium Favorite,0.2222117403156131,True
2024_21_Bills_Chiefs,2024,21,2025-01-26,Chiefs,Bills,Chiefs,0.7692307692307693,1,0.6331492419935807,0.0679318506892329,-130.0,0.5652173913043478,10,Kansas City Chiefs,0.5555555555555556,0.5652173913043478,0.5652173913043478,-125.0,-130.0,-130.0,27262.0,10,7.572777777777778,True,True,True,0.078011725622584,0.0704802748613584,0.0704754903738152,-172.59041399677346,0.0075314507612256,4.784487543152416e-06,0.0075362352487687,1.0,1,2024|21|2024_21_Bills_Chiefs||,,,,,,,,,,,,,,,,,,,,,2024,21,0.6331492419935807,,-125.0,flat,steam_up,>0.05,confirmed,normal_late_drift,1,,model_prob_fallback,-125.0,-130.0,-130.0,-125.0,0.5555555555555556,0.6331492419935807,0.6331492419935807,0.5827133458088644,0.5865930301307656,0.5943523987745681,-172.59041399677346,-172.59041399677346,-139.6434177695882,-141.89239003791155,-146.5193919498286,0.0775936864380251,0.0775936864380251,0.0679318506892329,0.0679318506892329,0.0271577902533087,0.03103747457521,0.0387968432190125,1.8,0.1396686355884453,0.0488840224559559,0.055867454235378,0.0698343177942226,Elite,Playable,Strong,Strong,Tight,Light Favorite,0.1872069270042649,True
2025_1_Bengals_Browns,2025,1,2025-09-07,Browns,Bengals,Bengals,0.4347826086956521,1,0.7704525564108303,0.0734828594411333,-230.0,0.696969696969697,11,Cincinnati Bengals,0.7101449275362319,0.7101449275362319,0.7058823529411765,-245.0,-245.0,-240.0,90292.5,22,25.08125,False,True,True,0.061037957274198,0.0621025279095595,0.0651362245915803,-335.639789476262,-0.0010645706353614,-0.0030336966820208,-0.0040982673173822,6.0,1,2025|1|2025_1_Bengals_Browns||,,,,,,,,,,,,,,,,,,,,,2025,1,0.7704525564108303,,-245.0,flat,steam_down,>0.05,faded_late,normal_late_drift,1,,model_prob_fallback,-245.0,-245.0,-240.0,-245.0,0.7101449275362319,0.7704525564108303,0.7704525564108303,0.7312525976423414,0.7342679790860713,0.7402987419735312,-335.639789476262,-335.639789476262,-272.09661980998965,-276.31896847083505,-285.0578189721668,0.0603076288745983,0.0603076288745983,0.0603076288745983,0.0645702034696538,0.0211076701061094,0.0241230515498394,0.0301538144372992,1.4081632653061225,0.0849229875989243,0.0297230456596235,0.0339691950395697,0.0424614937994622,Elite,Playable,Playable,Strong,Normal,Medium Favorite,0.216268512586613,False
2025_1_Panthers_Jaguars,2025,1,2025-09-07,Jaguars,Panthers,Jaguars,0.4761904761904761,1,0.6935283764332754,0.0161090215945657,-210.0,0.6774193548387096,11,Jacksonville Jaguars,0.6153846153846154,0.6551724137931034,0.6774193548387096,-160.0,-190.0,-210.0,3862.0,11,1.0727777777777778,True,True,True,0.0774701605323087,0.0411833514991212,0.0117191553007892,-226.2944831113479,0.0362868090331874,0.0294641961983319,0.0657510052315194,12.0,1,2025|1|2025_1_Panthers_Jaguars||,,,,,,,,,,,,,,,,,,,,,2025,1,0.6935283764332754,,-160.0,large,steam_up,0-0.02,confirmed,high_late_drift,1,,model_prob_fallback,-160.0,-190.0,-210.0,-160.0,0.6153846153846154,0.6935283764332754,0.6935283764332754,0.6427349317516464,0.6466421198040795,0.6544564959089454,-226.2944831113479,-226.2944831113479,-179.9042192686042,-182.99920733210945,-189.39916049948044,0.0781437610486599,0.0781437610486599,0.0383559626401719,0.0161090215945657,0.027350316367031,0.031257504419464,0.0390718805243299,1.625,0.1269836117040723,0.0444442640964255,0.0507934446816291,0.0634918058520361,Elite,Playable,Strong,Strong,Tight,Medium Favorite,0.1932520829314664,False
2025_2_Bears_Lions,2025,2,2025-09-14,Lions,Bears,Lions,0.3571428571428571,1,0.7869754892190749,0.050133383955917,-280.0,0.7368421052631579,11,Detroit Lions,0.7014925373134329,0.708029197080292,0.7202797202797203,-235.0,-242.5,-257.5,90291.0,22,25.08083333333333,False,True,True,0.0840753649231867,0.075404919611842,0.0657570059214588,-369.4295488974986,0.0086704453113447,0.0096479136903832,0.0183183590017279,9.0,1,2025|2|2025_2_Bears_Lions||,,,,,,,,,,,,,,,,,,,,,2025,2,0.7869754892190749,,-235.0,small,steam_up,>0.05,confirmed,normal_late_drift,1,,model_prob_fallback,-235.0,-242.5,-257.5,-235.0,0.7014925373134329,0.7869754892190749,0.7869754892190749,0.7314115704804076,0.7356857180756897,0.7442340132662539,-369.4295488974986,-369.4295488974986,-272.3168573525816,-278.3374824544527,-290.9824026136071,0.085482951905642,0.085482951905642,0.0789462921387829,0.0666957689393545,0.0299190331669747,0.0341931807622568,0.042741475952821,1.425531914893617,0.1218586761208089,0.0426505366422831,0.0487434704483236,0.0609293380604045,Elite,Playable,Strong,Strong,Tight,Medium Favorite,0.2257973526175967,False
2025_2_Rams_Titans,2025,2,2025-09-14,Titans,Rams,Rams,0.4,1,0.7748011609369018,0.0605154466511874,-250.0,0.7142857142857143,11,Los Angeles Rams,0.7142857142857143,0.7142857142857143,0.7142857142857143,-250.0,-250.0,-250.0,145765.03125,32,40.49028645833334,False,False,True,0.0591683785094673,0.0594030948457879,0.0607715303391176,-344.0520227192694,-0.0002347163363206,-0.0013684354933296,-0.0016031518296503,8.0,1,2025|2|2025_2_Rams_Titans||,,,,,,,,,,,,,,,,,,,,,2025,2,0.7748011609369018,,-250.0,flat,steam_down,>0.05,faded_late,normal_late_drift,1,,model_prob_fallback,-250.0,-250.0,-250.0,-250.0,0.7142857142857143,0.7748011609369018,0.7748011609369018,0.7354661206136299,0.7384918929461892,0.744543437611308,-344.0520227192694,-344.0520227192694,-278.0234132276988,-282.39732269341425,-291.4559840034338,0.0605154466511874,0.0605154466511874,0.0605154466511874,0.0605154466511874,0.0211804063279156,0.0242061786604749,0.0302577233255937,1.4,0.0847216253116625,0.0296525688590818,0.0338886501246649,0.0423608126558312,Elite,Playable,Playable,Strong,Normal,Medium Favorite,0.2162502944808676,False
2025_3_Lions_Ravens,2025,3,2025-09-22,Ravens,Lions,Ravens,-1.0,0,0.7999321706855202,0.0993333682903107,-234.0,0.7005988023952096,11,Baltimore Ravens,0.7297297297297297,0.7354497354497355,0.7354497354497355,-270.0,-278.0,-278.0,372022.0,5,103.33944444444444,False,False,False,0.0677673700275689,0.0615603789803952,0.0615603789803952,-399.83048420450166,0.0062069910471737,0.0,0.0062069910471737,4.0,0,2025|3|2025_3_Lions_Ravens||,,,,,,,,,,,,,,,,,,,,,2025,3,0.7999321706855202,,-270.0,flat,mixed,>0.05,confirmed,normal_late_drift,1,,model_prob_fallback,-270.0,-278.0,-278.0,-270.0,0.7297297297297297,0.7999321706855202,0.7999321706855202,0.7543005840642564,0.7578107061120459,0.7648309502076249,-399.83048420450166,-399.83048420450166,-307.001374501242,-312.9001674461456,-325.2260239529288,0.0702024409557905,0.0702024409557905,0.0644824352357847,0.0644824352357847,0.0245708543345266,0.0280809763823162,0.0351012204778952,1.3703703703703702,0.0962033450134907,0.0336711707547217,0.0384813380053961,0.0481016725067451,Elite,Playable,Playable,Strong,Normal,Medium Favorite,0.2249434892121633,False
2025_3_Falcons_Panthers,2025,3,2025-09-21,Panthers,Falcons,Falcons,-1.0,0,0.7213947697512126,0.0155124168100361,-240.0,0.7058823529411765,11,Atlanta Falcons,0.6428571428571429,0.7101449275362319,0.696969696969697,-180.0,-245.0,-230.0,166644.42105263157,19,46.29011695906433,False,False,True,0.1032999888697029,0.0570081135362025,0.0611475940478158,-258.9308065419395,0.0462918753335004,-0.0041394805116133,0.042152394821887,9.0,0,2025|3|2025_3_Falcons_Panthers||,,,,,,,,,,,,,,,,,,,,,2025,3,0.7213947697512126,,-180.0,medium,reversal,>0.05,confirmed,normal_late_drift,1,,model_prob_fallback,-180.0,-245.0,-230.0,-180.0,0.6428571428571429,0.7213947697512126,0.7213947697512126,0.6703453122700673,0.6742721936147709,0.6821259563041777,-258.9308065419395,-258.9308065419395,-203.34772633940008,-207.0047998350279,-214.59001445141985,0.0785376268940697,0.0785376268940697,0.0112498422149807,0.0244250727815156,0.0274881694129244,0.0314150507576279,0.0392688134470348,1.5555555555555556,0.1221696418352196,0.0427593746423269,0.0488678567340881,0.0610848209176098,Elite,Playable,Strong,Strong,Tight,Medium Favorite,0.2171208140643959,False
2025_4_Commanders_Falcons,2025,4,2025-09-28,Falcons,Commanders,Commanders,-1.0,0,0.6558258227741827,0.2113813783297382,125.0,0.4444444444444444,11,Washington Commanders,0.5918367346938775,0.5555555555555556,0.4545454545454545,-145.0,-125.0,120.0,236527.2307692308,13,65.70200854700855,False,False,False,0.0702383570166395,0.0834710241710439,0.1785121036621527,-190.5505602019313,-0.0132326671544044,-0.0950410794911088,-0.1082737466455132,1.0,0,2025|4|2025_4_Commanders_Falcons||,,,,,,,,,,,,,,,,,,,,,2025,4,0.6558258227741827,,-145.0,large,steam_down,>0.05,faded_late,high_late_drift,1,,model_prob_fallback,-145.0,-125.0,120.0,-145.0,0.5918367346938775,0.6558258227741827,0.6558258227741827,0.6142329155219843,0.6174323699259996,0.6238312787340301,-190.5505602019313,-190.5505602019313,-159.22377523554337,-161.39169166156822,-165.83815811016103,0.0639890880803051,0.0639890880803051,0.100270267218627,0.2012803682287281,0.0223961808281067,0.025595635232122,0.0319945440401525,1.6896551724137931,0.1081194936529292,0.0378418227785253,0.0432477974611718,0.0540597468264647,Elite,Playable,Playable,Strong,Block,Light Favorite,0.2019118548499634,False
2025_5_49ers_Rams,2025,5,2025-10-02,Rams,49ers,Rams,-1.0,0,0.6498396367657577,-0.169980183054062,-455.0,0.8198198198198198,11,Los Angeles Rams,0.6183206106870229,0.6183206106870229,0.6183206106870229,-162.0,-162.0,-162.0,26422.0,5,7.339444444444444,True,True,True,0.033069663248749,0.033069663248749,0.033069663248749,-185.5834369040344,0.0,0.0,0.0,22.0,0,2025|5|2025_5_49ers_Rams||,,,,,,,,,,,,,,,,,,,,,2025,5,0.6498396367657577,,-162.0,flat,flat,0.02-0.05,confirmed,normal_late_drift,1,,model_prob_fallback,-162.0,-162.0,-162.0,-162.0,0.6183206106870229,0.6498396367657577,0.6498396367657577,0.6293522698145801,0.6309282211185168,0.6340801237263903,-185.5834369040344,-185.5834369040344,-169.79795599982253,-170.95000409693236,-173.28387027882272,0.0315190260787348,0.0315190260787348,0.0315190260787348,0.0315190260787348,0.0110316591275572,0.0126076104314938,0.0157595130393674,1.617283950617284,0.0509752150162254,0.017841325255679,0.02039008600649,0.0254876075081127,Strong,Thin,Thin,Playable,Loose,Medium Favorite,0.175134925827865,False
2025_6_Chargers_Dolphins,2025,6,2025-10-12,Dolphins,Chargers,Chargers,0.5,1,0.7666984334727732,0.1000317668061065,-200.0,0.6666666666666666,11,Los Angeles Chargers,0.6875,0.6774193548387096,0.6666666666666666,-220.0,-210.0,-200.0,442558.6153846154,13,122.93294871794872,False,False,False,0.0873654869204839,0.1020025789271851,0.1155959452917226,-328.6297837109885,-0.0146370920067011,-0.0135933663645375,-0.0282304583712387,3.0,1,2025|6|2025_6_Chargers_Dolphins||,,,,,,,,,,,,,,,,,,,,,2025,6,0.7666984334727732,,-220.0,medium,steam_down,>0.05,faded_late,normal_late_drift,1,,model_prob_fallback,-220.0,-210.0,-200.0,-220.0,0.6875,0.7666984334727732,0.7666984334727732,0.7152194517154706,0.7191793733891093,0.7270992167363866,-328.6297837109885,-328.6297837109885,-251.14757873170532,-256.0991982920169,-266.4335397066383,0.0791984334727732,0.0791984334727732,0.0892790786340635,0.1000317668061065,0.0277194517154706,0.0316793733891093,0.0395992167363865,1.4545454545454546,0.1151977214149428,0.0403192024952301,0.0460790885659772,0.0575988607074713,Elite,Playable,Strong,Strong,Block,Medium Favorite,0.2282682329764409,False
2025_6_Bills_Falcons,2025,6,2025-10-13,Falcons,Bills,Bills,-1.0,0,0.7563693537242137,0.08423820618323,-205.0,0.6721311475409836,11,Buffalo Bills,0.6774193548387096,0.6923076923076923,0.6774193548387096,-210.0,-225.0,-210.0,139780.125,16,38.8278125,False,False,True,0.0709866135215226,0.061308943143634,0.0725984261089649,-310.4573933067577,0.0096776703778886,-0.0112894829653309,-0.0016118125874422,4.0,0,2025|6|2025_6_Bills_Falcons||,,,,,,,,,,,,,,,,,,,,,2025,6,0.7563693537242137,,-210.0,flat,reversal,>0.05,confirmed,normal_late_drift,1,,model_prob_fallback,-210.0,-225.0,-210.0,-210.0,0.6774193548387096,0.7563693537242137,0.7563693537242137,0.705051854448636,0.7089993543929113,0.7168943542814616,-310.4573933067577,-310.4573933067577,-239.04264701533927,-243.64184928655024,-253.22502928613196,0.078949998885504,0.078949998885504,0.0640616614165213,0.078949998885504,0.0276324996099264,0.0315799995542016,0.039474999442752,1.4761904761904765,0.1165452364500296,0.0407908327575103,0.0466180945800118,0.0582726182250148,Elite,Playable,Strong,Strong,Loose,Medium Favorite,0.2156709958524975,False
2025_7_Buccaneers_Lions,2025,7,2025-10-20,Lions,Buccaneers,Lions,0.3636363636363636,1,0.7540977230037925,0.0207643896704592,-275.0,0.7333333333333333,11,Detroit Lions,0.7058823529411765,0.7058823529411765,0.7058823529411765,-240.0,-240.0,-240.0,158325.62068965516,29,43.979339080459766,False,False,True,0.0520937250252356,0.0475153026325061,0.040516206828131,-306.6656121347843,0.0045784223927295,0.006999095804375,0.0115775181971046,9.0,1,2025|7|2025_7_Buccaneers_Lions||,,,,,,,,,,,,,,,,,,,,,2025,7,0.7540977230037925,,-240.0,small,steam_up,0.02-0.05,confirmed,normal_late_drift,1,,model_prob_fallback,-240.0,-240.0,-240.0,-240.0,0.7058823529411765,0.7540977230037925,0.7540977230037925,0.722757732463092,0.725168500966223,0.7299900379724845,-306.6656121347843,-306.6656121347843,-260.69536181631275,-263.8593114383512,-270.3567055418846,0.048215370062616,0.048215370062616,0.048215370062616,0.048215370062616,0.0168753795219155,0.0192861480250464,0.024107685031308,1.4166666666666667,0.0683051075887062,0.023906787656047,0.0273220430354825,0.0341525537943532,Strong,Playable,Playable,Playable,Loose,Medium Favorite,0.206733869707773,False
2025_7_Saints_Bears,2025,7,2025-10-19,Bears,Saints,Bears,0.4545454545454545,1,0.7496141966826769,0.0621141966826769,-220.0,0.6875,11,Chicago Bears,0.7183098591549296,0.7093023255813954,0.696969696969697,-255.0,-244.0,-230.0,81191.21052631579,19,22.55311403508772,True,True,True,0.0210272133245841,0.0399134962817608,0.0515448812535673,-299.38366582735665,-0.0188862829571767,-0.0116313849718064,-0.0305176679289832,6.0,1,2025|7|2025_7_Saints_Bears||,,,,,,,,,,,,,,,,,,,,,2025,7,0.7496141966826769,,-255.0,medium,steam_down,>0.05,faded_late,normal_late_drift,1,,model_prob_fallback,-255.0,-244.0,-230.0,-255.0,0.7183098591549296,0.7496141966826769,0.7496141966826769,0.7292663772896412,0.7308315941660286,0.7339620279188033,-299.38366582735665,-299.38366582735665,-269.3667561453341,-271.5146273953194,-275.88619104899533,0.0313043375277473,0.0313043375277473,0.0403118711012815,0.0526444997129799,0.0109565181347115,0.0125217350110989,0.0156521687638736,1.392156862745098,0.0435805483229423,0.0152531919130298,0.0174322193291769,0.0217902741614712,Strong,Thin,Thin,Playable,Block,Medium Favorite,0.1977262583326881,False
2025_8_Buccaneers_Saints,2025,8,2025-10-26,Saints,Buccaneers,Buccaneers,0.4761904761904761,1,0.7587192228789011,0.0812998680401915,-210.0,0.6774193548387096,11,Tampa Bay Buccaneers,0.7142857142857143,0.6923076923076923,0.6774193548387096,-250.0,-225.0,-210.0,14961.0,11,4.155833333333334,True,True,True,0.0402200069712234,0.0638868893919389,0.0797651448361131,-314.4548985342914,-0.0236668824207155,-0.0158782554441742,-0.0395451378648897,3.0,1,2025|8|2025_8_Buccaneers_Saints||,,,,,,,,,,,,,,,,,,,,,2025,8,0.7587192228789011,,-250.0,medium,steam_down,>0.05,faded_late,high_late_drift,1,,model_prob_fallback,-250.0,-225.0,-210.0,-250.0,0.7142857142857143,0.7587192228789011,0.7587192228789011,0.7298374422933297,0.732059117722989,0.7365024685823077,-314.4548985342914,-314.4548985342914,-270.1475172905909,-273.2166556674054,-279.51019678238094,0.0444335085931868,0.0444335085931868,0.0664115305712088,0.0812998680401915,0.0155517280076153,0.0177734034372747,0.0222167542965934,1.4,0.0622069120304615,0.0217724192106614,0.0248827648121845,0.0311034560152307,Strong,Playable,Playable,Playable,Block,Medium Favorite,0.2086229770417417,False
2025_10_Saints_Panthers,2025,10,2025-11-09,Panthers,Saints,Panthers,-1.0,0,0.7379903844738372,0.0237046701881229,-250.0,0.7142857142857143,11,Carolina Panthers,0.6774193548387096,0.7222222222222222,0.7142857142857143,-210.0,-260.0,-250.0,7463.0,11,2.0730555555555554,True,True,True,0.0520653867856026,0.0163238135687264,0.0223226890562906,-281.66538200967125,0.0357415732168762,-0.0059988754875641,0.029742697729312,7.0,0,2025|10|2025_10_Saints_Panthers||,,,,,,,,,,,,,,,,,,,,,2025,10,0.7379903844738372,,-210.0,medium,reversal,0.02-0.05,confirmed,normal_late_drift,1,,model_prob_fallback,-210.0,-260.0,-250.0,-210.0,0.6774193548387096,0.7379903844738372,0.7379903844738372,0.6986192152110042,0.7016477666927607,0.7077048696562734,-281.66538200967125,-281.66538200967125,-231.8061570183133,-235.17429680850185,-242.11996581128216,0.0605710296351276,0.0605710296351276,0.015768162251615,0.0237046701881229,0.0211998603722946,0.0242284118540511,0.0302855148175638,1.4761904761904765,0.0894143770804265,0.031295031978149,0.0357657508321707,0.0447071885402132,Elite,Playable,Playable,Strong,Normal,Medium Favorite,0.2007127783245903,True
2025_10_Giants_Bears,2025,10,2025-11-09,Bears,Giants,Bears,0.4444444444444444,1,0.7142011644175643,0.021893472109872,-225.0,0.6923076923076923,11,Chicago Bears,0.6491228070175439,0.6575342465753424,0.6923076923076923,-185.0,-192.0,-225.0,7463.0,11,2.0730555555555554,True,True,True,0.0593605912345525,0.0533986983828819,0.0228996077094557,-249.8964570524153,0.0059618928516705,0.0304990906734261,0.0364609835250967,8.0,1,2025|10|2025_10_Giants_Bears||,,,,,,,,,,,,,,,,,,,,,2025,10,0.7142011644175643,,-185.0,medium,steam_up,0.02-0.05,confirmed,high_late_drift,1,,model_prob_fallback,-185.0,-192.0,-225.0,-185.0,0.6491228070175439,0.7142011644175643,0.7142011644175643,0.671900232107551,0.675154149977552,0.6816619857175541,-249.8964570524153,-249.8964570524153,-204.78534209990656,-207.8383177531424,-214.13150649131975,0.0650783574000204,0.0650783574000204,0.0566669178422218,0.021893472109872,0.0227774250900071,0.026031342960008,0.0325391787000102,1.5405405405405406,0.100255847886518,0.0350895467602812,0.0401023391546071,0.050127923943259,Elite,Playable,Playable,Strong,Normal,Medium Favorite,0.1940110647220859,True
2025_11_Bengals_Steelers,2025,11,2025-11-16,Steelers,Bengals,Steelers,0.4081632653061224,1,0.7686721763541978,0.0585272488179658,-245.0,0.7101449275362319,11,Pittsburgh Steelers,0.7142857142857143,0.7058823529411765,0.7101449275362319,-250.0,-240.0,-245.0,7463.0,11,2.0730555555555554,True,True,True,0.0888980973257272,0.0605598695246255,0.0556644029352532,-332.2869528791102,0.0283382278011017,0.0048954665893723,0.033233694390474,6.0,1,2025|11|2025_11_Bengals_Steelers||,,,,,,,,,,,,,,,,,,,,,2025,11,0.7686721763541978,,-250.0,medium,steam_up,>0.05,confirmed,normal_late_drift,1,,model_prob_fallback,-250.0,-240.0,-245.0,-250.0,0.7142857142857143,0.7686721763541978,0.7686721763541978,0.7333209760096835,0.7360402991131076,0.7414789453199561,-332.2869528791102,-332.2869528791102,-274.9826233188522,-278.8457088866393,-286.8156894368392,0.0543864620684835,0.0543864620684835,0.0627898234130213,0.0585272488179658,0.0190352617239691,0.0217545848273933,0.0271932310342417,1.4,0.0761410468958769,0.0266493664135567,0.0304564187583507,0.0380705234479383,Elite,Playable,Playable,Playable,Normal,Medium Favorite,0.2245522194423481,True
2025_11_Panthers_Falcons,2025,11,2025-11-16,Falcons,Panthers,Falcons,-1.0,0,0.734156353215839,0.0567369983771294,-210.0,0.6774193548387096,11,Atlanta Falcons,0.6610169491525424,0.6610169491525424,0.6774193548387096,-195.0,-195.0,-210.0,7463.0,11,2.0730555555555554,True,True,True,0.0817225728072987,0.0742823875688111,0.0582306919081783,-276.16095479306387,0.0074401852384876,0.0160516956606328,0.0234918808991204,7.0,0,2025|11|2025_11_Panthers_Falcons||,,,,,,,,,,,,,,,,,,,,,2025,11,0.734156353215839,,-195.0,small,steam_up,>0.05,confirmed,high_late_drift,1,,model_prob_fallback,-195.0,-195.0,-210.0,-195.0,0.6610169491525424,0.734156353215839,0.734156353215839,0.6866157405746962,0.690272710777861,0.6975866511841907,-276.16095479306387,-276.16095479306387,-219.09707329712052,-222.86467314889765,-230.6732338092223,0.0731394040632966,0.0731394040632966,0.0731394040632966,0.0567369983771294,0.0255987914221538,0.0292557616253186,0.0365697020316483,1.5128205128205128,0.1106467907624231,0.0387263767668479,0.0442587163049692,0.0553233953812115,Elite,Playable,Playable,Strong,Normal,Medium Favorite,0.211240130126838,True
2025_12_Eagles_Cowboys,2025,12,2025-11-23,Cowboys,Eagles,Eagles,-1.0,0,0.7804389909225207,0.1621183802354977,-162.0,0.6183206106870229,11,Philadelphia Eagles,0.6825396825396826,0.6363636363636364,0.6183206106870229,-215.0,-175.0,-162.0,19762.0,11,5.489444444444445,True,True,True,0.1104846005553908,0.1413182405797701,0.1601134222523661,-355.4542740542411,-0.0308336400243792,-0.0187951816725959,-0.0496288216969752,1.0,0,2025|12|2025_12_Eagles_Cowboys||,,,,,,,,,,,,,,,,,,,,,2025,12,0.7804389909225207,,-215.0,medium,steam_down,>0.05,faded_late,high_late_drift,1,,model_prob_fallback,-215.0,-175.0,-162.0,-215.0,0.6825396825396826,0.7804389909225207,0.7804389909225207,0.716804440473676,0.7216994058928178,0.7314893367311016,-355.4542740542411,-355.4542740542411,-253.1128813151629,-259.32370292205303,-272.4246880275872,0.0978993083828381,0.0978993083828381,0.1440753545588843,0.1621183802354977,0.0342647579339934,0.0391597233531352,0.048949654191419,1.4651162790697674,0.1434338704213673,0.0502018546474787,0.0573735481685468,0.0717169352106836,Elite,Strong,Strong,Strong,Block,Medium Favorite,0.2429377485634548,True
2025_13_Bills_Steelers,2025,13,2025-11-30,Steelers,Bills,Bills,-1.0,0,0.761052074373078,0.1314224447434483,-170.0,0.6296296296296297,11,Buffalo Bills,0.6774193548387096,0.6666666666666666,0.6296296296296297,-210.0,-200.0,-170.0,19763.0,11,5.489722222222222,True,True,True,0.0808552071002001,0.0945529578565143,0.130750846651691,-318.50122673227804,-0.0136977507563141,-0.0361978887951767,-0.0498956395514909,1.0,0,2025|13|2025_13_Bills_Steelers||,,,,,,,,,,,,,,,,,,,,,2025,13,0.761052074373078,,-210.0,medium,steam_down,>0.05,faded_late,high_late_drift,1,,model_prob_fallback,-210.0,-200.0,-170.0,-210.0,0.6774193548387096,0.761052074373078,0.761052074373078,0.7066908066757385,0.7108724426524571,0.7192357146058939,-318.50122673227804,-318.50122673227804,-240.937148497242,-245.86810374424465,-256.1706570322182,0.0836327195343683,0.0836327195343683,0.0943854077064113,0.1314224447434483,0.0292714518370288,0.0334530878137474,0.0418163597671842,1.4761904761904765,0.1234578240745436,0.0432102384260901,0.0493831296298177,0.0617289120372719,Elite,Playable,Strong,Strong,Block,Medium Favorite,0.2257831353761029,True
2025_13_Texans_Colts,2025,13,2025-11-30,Colts,Texans,Colts,-1.0,0,0.7288121499410146,0.1104915392539916,-162.0,0.6183206106870229,11,Indianapolis Colts,0.6551724137931034,0.6923076923076923,0.6183206106870229,-190.0,-225.0,-162.0,7463.0,11,2.0730555555555554,True,True,True,0.0970603839172912,0.040231438695687,0.1084008883051682,-268.74808358209725,0.0568289452216042,-0.0681694496094812,-0.011340504387877,3.0,0,2025|13|2025_13_Texans_Colts||,,,,,,,,,,,,,,,,,,,,,2025,13,0.7288121499410146,,-190.0,small,reversal,>0.05,confirmed,high_late_drift,1,,model_prob_fallback,-190.0,-225.0,-162.0,-190.0,0.6551724137931034,0.7288121499410146,0.7288121499410146,0.6809463214448723,0.684628308252268,0.691992281867059,-268.74808358209725,-268.74808358209725,-213.4268830651376,-217.0861640936076,-224.6671888814111,0.0736397361479112,0.0736397361479112,0.0365044576333223,0.1104915392539916,0.0257739076517689,0.0294558944591645,0.0368198680739555,1.526315789473684,0.1123974920152326,0.0393391222053314,0.044958996806093,0.0561987460076163,Elite,Playable,Playable,Strong,Loose,Medium Favorite,0.2218594791564686,True
2025_15_Lions_Rams,2025,15,2025-12-14,Rams,Lions,Rams,-1.0,0,0.8037097432902486,0.0814875210680263,-260.0,0.7222222222222222,11,Los Angeles Rams,0.7058823529411765,0.726027397260274,0.7222222222222222,-240.0,-265.0,-260.0,24024.36363636364,11,6.673434343434344,True,True,True,0.1331610783188603,0.0773858337654719,0.0815652328935927,-409.4496368603106,0.0557752445533884,-0.0041793991281208,0.0515958454252676,4.0,0,2025|15|2025_15_Lions_Rams||,,,,,,,,,,,,,,,,,,,,,2025,15,0.8037097432902486,,-240.0,large,reversal,>0.05,confirmed,normal_late_drift,1,,model_prob_fallback,-240.0,-265.0,-260.0,-240.0,0.7058823529411765,0.8037097432902486,0.8037097432902486,0.7401219395633517,0.7450133090808053,0.7547960481157125,-409.4496368603106,-409.4496368603106,-284.79585322431427,-292.17733145017365,-307.8237696886318,0.097827390349072,0.097827390349072,0.0776823460299745,0.0814875210680263,0.0342395866221751,0.0391309561396288,0.048913695174536,1.4166666666666667,0.1385888029945188,0.0485060810480817,0.0554355211978074,0.0692944014972594,Elite,Strong,Strong,Strong,Tight,Medium Favorite,0.2488424191990874,True
2025_15_Panthers_Saints,2025,15,2025-12-14,Saints,Panthers,Panthers,-1.0,0,0.6494132284403427,0.055917293480993,-146.0,0.5934959349593496,11,Carolina Panthers,0.5967741935483871,0.5983935742971888,0.5934959349593496,-148.0,-149.0,-146.0,24024.36363636364,11,6.673434343434344,True,True,True,0.0573731984029833,0.0512779395351919,0.051962396380874,-185.2360902127865,0.0060952588677913,-0.000684456845682,0.0054108020221093,6.0,0,2025|15|2025_15_Panthers_Saints||,,,,,,,,,,,,,,,,,,,,,2025,15,0.6494132284403427,,-148.0,flat,reversal,>0.05,confirmed,normal_late_drift,1,,model_prob_fallback,-148.0,-149.0,-146.0,-148.0,0.5967741935483871,0.6494132284403427,0.6494132284403427,0.6151978557605715,0.6178298075051694,0.6230937109943648,-185.2360902127865,-185.2360902127865,-159.87381176799994,-161.66352573756163,-165.3179395436007,0.0526390348919555,0.0526390348919555,0.0510196541431539,0.055917293480993,0.0184236622121843,0.0210556139567822,0.0263195174459777,1.6756756756756757,0.0882059503594931,0.0308720826258224,0.0352823801437973,0.0441029751797463,Elite,Playable,Playable,Playable,Normal,Light Favorite,0.1839454337467803,True
2025_16_Buccaneers_Panthers,2025,16,2025-12-21,Panthers,Buccaneers,Buccaneers,-1.0,0,0.672828919084266,0.0649857818293641,-155.0,0.6078431372549019,11,Tampa Bay Buccaneers,0.5918367346938775,0.6183206106870229,0.6078431372549019,-145.0,-162.0,-155.0,7462.0,11,2.0727777777777776,True,True,True,0.080999058033476,0.054081860716893,0.0646689942649869,-205.65048634526457,0.026917197316583,-0.0105871335480939,0.0163300637684891,5.0,0,2025|16|2025_16_Buccaneers_Panthers||,,,,,,,,,,,,,,,,,,,,,2025,16,0.672828919084266,,-145.0,small,reversal,>0.05,confirmed,normal_late_drift,1,,model_prob_fallback,-145.0,-162.0,-155.0,-145.0,0.5918367346938775,0.672828919084266,0.672828919084266,0.6201839992305135,0.624233608450033,0.6323328268890718,-205.65048634526457,-205.65048634526457,-163.28537975600145,-166.12278864940114,-171.98511945973806,0.0809921843903884,0.0809921843903884,0.054508308397243,0.0649857818293641,0.0283472645366359,0.0323968737561554,0.0404960921951942,1.6896551724137931,0.1368488632803115,0.0478971021481089,0.0547395453121246,0.0684244316401558,Elite,Playable,Strong,Strong,Loose,Light Favorite,0.1973543466019546,True
2025_16_Vikings_Giants,2025,16,2025-12-21,Giants,Vikings,Vikings,-1.0,0,0.6570203390111335,0.0602461454627464,-148.0,0.5967741935483871,11,Minnesota Vikings,0.6,0.6031746031746031,0.5967741935483871,-150.0,-152.0,-148.0,7462.0,11,2.0727777777777776,True,True,True,0.0663267547387418,0.0529792676526164,0.058401931538596,-191.5624784037737,0.0133474870861254,-0.0054226638859796,0.0079248232001457,7.0,0,2025|16|2025_16_Vikings_Giants||,,,,,,,,,,,,,,,,,,,,,2025,16,0.6570203390111335,,-150.0,flat,reversal,>0.05,confirmed,normal_late_drift,1,,model_prob_fallback,-150.0,-152.0,-148.0,-150.0,0.6,0.6570203390111335,0.6570203390111335,0.6199571186538968,0.6228081356044535,0.6285101695055668,-191.5624784037737,-191.5624784037737,-163.12820186449036,-165.11706491933734,-169.18637279223856,0.0570203390111335,0.0570203390111335,0.0538457358365304,0.0602461454627464,0.0199571186538968,0.0228081356044534,0.0285101695055668,1.6666666666666663,0.0950338983518892,0.0332618644231612,0.0380135593407557,0.0475169491759446,Elite,Playable,Playable,Playable,Normal,Medium Favorite,0.1893182183344232,True
2025_17_Buccaneers_Dolphins,2025,17,2025-12-28,Dolphins,Buccaneers,Buccaneers,-1.0,0,0.7731778585726043,0.0672955056314278,-240.0,0.7058823529411765,11,Tampa Bay Buccaneers,0.7058823529411765,0.7183098591549296,0.7058823529411765,-240.0,-255.0,-240.0,7463.0,11,2.0730555555555554,True,True,True,0.1030166596306385,0.0570057857054878,0.0656132693190815,-340.8740671025248,0.0460108739251506,-0.0086074836135936,0.037403390311557,2.0,0,2025|17|2025_17_Buccaneers_Dolphins||,,,,,,,,,,,,,,,,,,,,,2025,17,0.7731778585726043,,-240.0,medium,reversal,>0.05,confirmed,normal_late_drift,1,,model_prob_fallback,-240.0,-255.0,-240.0,-240.0,0.7058823529411765,0.7731778585726043,0.7731778585726043,0.7294357799121762,0.7328005551937476,0.7395301057568904,-340.8740671025248,-340.8740671025248,-269.59801989908533,-274.2522746351906,-283.92152878391767,0.0672955056314278,0.0672955056314278,0.0548679994176747,0.0672955056314278,0.0235534269709997,0.0269182022525711,0.0336477528157138,1.4166666666666667,0.0953352996445229,0.033367354875583,0.0381341198578091,0.0476676498222614,Elite,Playable,Playable,Strong,Normal,Medium Favorite,0.2312009370515827,True
2025_17_Saints_Titans,2025,17,2025-12-28,Titans,Saints,Saints,-1.0,0,0.6911298315028623,0.1355742759473067,-125.0,0.5555555555555556,11,New Orleans Saints,0.5918367346938775,0.6,0.5555555555555556,-145.0,-150.0,-125.0,7463.0,11,2.0730555555555554,True,True,True,0.1316769128905076,0.0897877000687639,0.1394439037037559,-223.7606288964961,0.0418892128217437,-0.049656203634992,-0.0077669908132482,1.0,0,2025|17|2025_17_Saints_Titans||,,,,,,,,,,,,,,,,,,,,,2025,17,0.6911298315028623,,-145.0,flat,reversal,>0.05,confirmed,high_late_drift,1,,model_prob_fallback,-145.0,-150.0,-125.0,-145.0,0.5918367346938775,0.6911298315028623,0.6911298315028623,0.6265893185770222,0.6315539734174714,0.6414832830983699,-223.7606288964961,-223.7606288964961,-167.80165907125144,-171.41017349959372,-178.92702149071062,0.0992930968089848,0.0992930968089848,0.0911298315028623,0.1355742759473067,0.0347525838831446,0.0397172387235938,0.0496465484044923,1.6896551724137931,0.1677710946082846,0.0587198831128994,0.0671084378433137,0.0838855473041422,Elite,Strong,Strong,Strong,Loose,Light Favorite,0.2258632509811399,True
